{
  "timestamp": "2025-11-30T14:07:19.208Z",
  "selected_bounds": {
    "north": 10.816805211045924,
    "south": 10.75848182879052,
    "east": 106.61373138427736,
    "west": 106.53579711914064
  },
  "pixel_region": {
    "startX": 160,
    "endX": 229,
    "startY": 305,
    "endY": 359
  },
  "crop_dimensions": {
    "width": 69,
    "height": 54
  },
  "total_pixels": 3726,
  "valid_pixels": 3726,
  "pixels_with_water": 2191,
  "flood_coverage_percentage": 58.803005904455176,
  "statistics": {
    "min": 0,
    "max": 2.6648662090301514,
    "avg": 0.021845135725150948,
    "median": 0.0068082911893725395
  },
  "sample_values": [
    0.04813842102885246,
    0.07162396609783173,
    0.017794562503695488,
    0.03289715200662613,
    0.030320370569825172,
    0.04733741655945778,
    0.026383090764284134,
    0.028851762413978577,
    0.02379966713488102,
    0.035193201154470444,
    0.04457509517669678,
    0.044127456843853,
    0.04135202243924141,
    0.04175644367933273,
    0.03554578498005867,
    0.055569127202034,
    0.0488646999001503,
    0.0327724814414978,
    0.029501134529709816,
    0.022556429728865623,
    0.046423282474279404,
    0.033495813608169556,
    0.033805474638938904,
    0.01990155316889286,
    0.019459709525108337,
    0.018912972882390022,
    0.013917909003794193,
    0.03529886156320572,
    0.02465200424194336,
    0.03703950718045235,
    0.029074644669890404,
    0.020257512107491493,
    0.02564910426735878,
    0.03484243154525757,
    0.031809475272893906,
    0.013968287967145443,
    0.00472802110016346,
    0.008243054151535034,
    0.016140718013048172,
    0.013881765305995941,
    0.02976357191801071,
    0.005072500091046095,
    0.029850706458091736,
    0.007319066673517227,
    0.022231535986065865,
    0.022298671305179596,
    0.009508147835731506,
    0.014765803702175617,
    0.02106761746108532,
    0.003702546004205942,
    0,
    0.013270258903503418,
    0.001774083124473691,
    0.015694981440901756,
    0.017728058621287346,
    0.0035701999440789223,
    0.01712997630238533,
    0,
    0.0015963362529873848,
    0,
    0.011817360296845436,
    0.015501419082283974,
    0,
    0.0035443014930933714,
    0,
    0,
    0.003870346350595355,
    0,
    0,
    0.07223516702651978,
    0.06315220892429352,
    0.0187742467969656,
    0.013632778078317642,
    0.03570975363254547,
    0.0529840923845768,
    0.048473235219717026,
    0.03344843536615372,
    0.03763001784682274,
    0.032246850430965424,
    0.04115685820579529,
    0.041674502193927765,
    0.03708124905824661,
    0.041338689625263214,
    0.05333617329597473,
    0.04842009395360947,
    0.07023840397596359,
    0.029113832861185074,
    0.033708661794662476,
    0.026213523000478745,
    0.021816834807395935,
    0.024855390191078186,
    0.029565315693616867,
    0.05067908763885498,
    0.02315034717321396,
    0.010978720150887966,
    0.00646314537152648,
    0.02531064860522747,
    0.045076921582221985,
    0.014379954896867275,
    0.030105216428637505
  ],
  "raw_data_length": 3726
}