{
  "timestamp": "2025-11-30T09:58:17.131Z",
  "selected_bounds": {
    "north": 10.810037996572621,
    "south": 10.775638537653744,
    "east": 106.63742065429689,
    "west": 106.58145904541017
  },
  "pixel_region": {
    "startX": 804,
    "endX": 1003,
    "startY": 1251,
    "endY": 1377
  },
  "crop_dimensions": {
    "width": 199,
    "height": 126
  },
  "total_pixels": 25074,
  "valid_pixels": 23791,
  "statistics": {
    "min": 0,
    "max": 19.5,
    "avg": 0.25782859064352065,
    "median": 0
  },
  "sample_values": [
    0,
    0,
    0,
    0,
    0,
    0,
    0,
    0,
    0,
    0,
    0,
    0.5,
    -9999,
    0,
    0.5,
    3.5,
    3.5,
    0,
    0,
    0,
    0,
    0,
    0,
    0,
    0,
    0,
    0,
    0,
    0,
    0,
    0,
    0,
    0,
    0,
    0,
    0,
    0,
    0,
    0,
    0,
    0,
    0.5,
    0.5,
    0,
    0,
    0,
    0,
    0,
    0,
    0,
    0,
    0,
    0.5,
    0,
    0,
    0,
    0.5,
    0,
    0,
    0,
    0,
    0,
    0,
    0,
    0,
    0,
    0,
    0,
    0,
    0,
    0,
    0,
    0,
    0,
    0,
    0.5,
    0,
    0,
    0,
    0,
    0,
    0,
    0,
    0,
    2.5,
    2.5,
    0,
    0,
    -9999,
    2.5,
    -9999,
    -9999,
    2.5,
    3.5,
    3.5,
    0.5,
    0,
    0,
    0,
    0
  ],
  "raw_data_length": 25074
}