{
  "timestamp": "2025-11-30T10:09:02.457Z",
  "selected_bounds": {
    "north": 10.598520572167248,
    "south": 10.52291894538631,
    "east": 106.91070556640626,
    "west": 106.81045532226564
  },
  "pixel_region": {
    "startX": 402,
    "endX": 491,
    "startY": 502,
    "endY": 571
  },
  "crop_dimensions": {
    "width": 89,
    "height": 69
  },
  "total_pixels": 6141,
  "valid_pixels": 6141,
  "pixels_with_water": 2985,
  "flood_coverage_percentage": 48.60771861260381,
  "statistics": {
    "min": 0,
    "max": 4.099030494689941,
    "avg": 0.08935554195497981,
    "median": 0
  },
  "sample_values": [
    0,
    0.02475624904036522,
    0.03903856500983238,
    0.03981165960431099,
    0,
    0,
    0.06447482854127884,
    0,
    0,
    0,
    0,
    0,
    0,
    0,
    0.025470824912190437,
    0.0007591936737298965,
    0,
    0,
    0.01209152489900589,
    0,
    0,
    0,
    0,
    0,
    0.01262165978550911,
    0.04130438715219498,
    0.018315358087420464,
    0.02439451590180397,
    0.0655653327703476,
    0.04360734671354294,
    0.020278694108128548,
    0,
    0,
    0,
    0,
    0,
    0,
    0,
    0,
    0,
    0,
    0,
    0,
    0,
    1.3914448022842407,
    0.1470443159341812,
    0.5243192315101624,
    0,
    0,
    0,
    0,
    0.2627323865890503,
    0,
    0,
    0,
    0,
    0.011779755353927612,
    0.0068296585232019424,
    0.014644077979028225,
    0.006584118120372295,
    0.008976439014077187,
    0.019780276343226433,
    0,
    0,
    0,
    0,
    0.02094278298318386,
    0,
    0,
    0.013019022531807423,
    0,
    0.006592386402189732,
    0,
    0,
    0,
    0,
    0,
    0,
    0.4831312298774719,
    0,
    0.04491192102432251,
    0.05884658545255661,
    0.07797840237617493,
    0,
    0,
    0,
    0.0032185735180974007,
    0,
    0.011732807382941246,
    0.0008047274313867092,
    0.014673477038741112,
    0,
    0.018838776275515556,
    0.008072244934737682,
    0.08053942769765854,
    0.03468503803014755,
    0.03970967233181,
    0,
    0,
    0
  ],
  "raw_data_length": 6141
}