{
  "timestamp": "2025-11-30T14:02:37.314Z",
  "selected_bounds": {
    "north": 10.772406092488128,
    "south": 10.7580630560612,
    "east": 106.57356262207033,
    "west": 106.55090332031251
  },
  "pixel_region": {
    "startX": 696,
    "endX": 777,
    "startY": 1387,
    "endY": 1440
  },
  "crop_dimensions": {
    "width": 81,
    "height": 53
  },
  "total_pixels": 4293,
  "valid_pixels": 3679,
  "pixels_with_water": 2092,
  "flood_coverage_percentage": 48.73049149778709,
  "statistics": {
    "min": 0,
    "max": 16.5,
    "avg": 1.7651535743408535,
    "median": 0.5
  },
  "sample_values": [
    -9999,
    0.5,
    0.5,
    0,
    0,
    0,
    4.5,
    4.5,
    5.5,
    4.5,
    -9999,
    -9999,
    3.5,
    2.5,
    0.5,
    0,
    0,
    0.5,
    2.5,
    2.5,
    2.5,
    2.5,
    2.5,
    -9999,
    0.5,
    0,
    -9999,
    -9999,
    0,
    0,
    0,
    2.5,
    5.5,
    2.5,
    0,
    0,
    0,
    0,
    0.5,
    -9999,
    2.5,
    2.5,
    2.5,
    3.5,
    3.5,
    0.5,
    0,
    0,
    0.5,
    2.5,
    3.5,
    4.5,
    5.5,
    3.5,
    2.5,
    -9999,
    0,
    -9999,
    3.5,
    3.5,
    3.5,
    0.5,
    0,
    0,
    0,
    2.5,
    3.5,
    2.5,
    -9999,
    0,
    0,
    0,
    0.5,
    -9999,
    2.5,
    2.5,
    -9999,
    -9999,
    3.5,
    0,
    0,
    0,
    0,
    0,
    0,
    0,
    0,
    0.5,
    -9999,
    2.5,
    -9999,
    0,
    0,
    0,
    0.5,
    0,
    0.5,
    0.5,
    0.5,
    2.5
  ],
  "raw_data_length": 4293
}