{
  "timestamp": "2025-11-30T14:42:50.534Z",
  "selected_bounds": {
    "north": 10.811387016014464,
    "south": 10.771736208120217,
    "east": 106.76015853881837,
    "west": 106.69767379760744
  },
  "pixel_region": {
    "startX": 302,
    "endX": 358,
    "startY": 310,
    "endY": 347
  },
  "crop_dimensions": {
    "width": 56,
    "height": 37
  },
  "total_pixels": 2072,
  "valid_pixels": 2072,
  "pixels_with_water": 348,
  "flood_coverage_percentage": 16.795366795366796,
  "statistics": {
    "min": 0,
    "max": 3.079674243927002,
    "avg": 0.03857482041719875,
    "median": 0
  },
  "sample_values": [
    0,
    0,
    0,
    0,
    0,
    0,
    0,
    0,
    0,
    0,
    0,
    0,
    0,
    0,
    0,
    0,
    0,
    0,
    0,
    0,
    0,
    0.010302233509719372,
    0.06147756427526474,
    0.007254934869706631,
    0,
    0,
    0,
    0,
    0,
    0,
    0,
    0,
    0.015091686509549618,
    0,
    0,
    0,
    0.03657197952270508,
    0.020729919895529747,
    0.0037044172640889883,
    0.05371521785855293,
    0.013836231082677841,
    0.010193919762969017,
    0.06078966334462166,
    0.010553347878158092,
    0.10515524446964264,
    0.028560511767864227,
    0,
    0,
    0.0716509073972702,
    0,
    0.011131265200674534,
    0.028126293793320656,
    0,
    0,
    0.04208524152636528,
    0,
    0,
    0,
    0,
    0,
    0,
    0,
    0,
    0,
    0,
    0,
    0,
    0,
    0,
    0,
    0,
    0,
    0,
    0,
    0,
    0,
    0,
    0,
    0.0872601866722107,
    0,
    0,
    0,
    0,
    0,
    0,
    0,
    0,
    0,
    0,
    0,
    0,
    0,
    0.015007968991994858,
    0.03127915412187576,
    0.013810782693326473,
    0.09369019418954849,
    0.13261103630065918,
    0,
    0.003547724336385727,
    0
  ],
  "raw_data_length": 2072
}