{
  "timestamp": "2025-11-30T10:09:16.285Z",
  "selected_bounds": {
    "north": 10.844096320683942,
    "south": 10.817119749037545,
    "east": 106.6161346435547,
    "west": 106.55879974365236
  },
  "pixel_region": {
    "startX": 180,
    "endX": 231,
    "startY": 281,
    "endY": 306
  },
  "crop_dimensions": {
    "width": 51,
    "height": 25
  },
  "total_pixels": 1275,
  "valid_pixels": 1275,
  "pixels_with_water": 999,
  "flood_coverage_percentage": 78.3529411764706,
  "statistics": {
    "min": 0,
    "max": 0.12137138098478317,
    "avg": 0.02110044360651598,
    "median": 0.016829784959554672
  },
  "sample_values": [
    0,
    0.04731742665171623,
    0.021305346861481667,
    0.011234086938202381,
    0.0406690314412117,
    0.04376456141471863,
    0.03231211006641388,
    0.05164295434951782,
    0.06394849717617035,
    0.05202949419617653,
    0.05769464746117592,
    0.02935602515935898,
    0.04132595658302307,
    0.058091387152671814,
    0.06854390352964401,
    0.04659321904182434,
    0.02956710383296013,
    0.02474488690495491,
    0.04793304204940796,
    0.024367868900299072,
    0.033867623656988144,
    0.0783560574054718,
    0.09262942522764206,
    0.07082173228263855,
    0.04464956000447273,
    0.0442810021340847,
    0.002007424598559737,
    0,
    0.0009764599381014705,
    0.011462528258562088,
    0.014264499768614769,
    0.026609858497977257,
    0.023270955309271812,
    0.00027911062352359295,
    0.005160961300134659,
    0.009875854477286339,
    0.01383125875145197,
    0.013583173975348473,
    0.007798776030540466,
    0,
    0.015826573595404625,
    0,
    0.039620667695999146,
    0.01269436813890934,
    0,
    0,
    0.015397193841636181,
    0.015961017459630966,
    0,
    0,
    0.013323113322257996,
    0.026898954063653946,
    0.06468895822763443,
    0.01434060838073492,
    0,
    0.037025369703769684,
    0.0611443892121315,
    0,
    0.015829719603061676,
    0.03425481915473938,
    0.05268526077270508,
    0.07658515870571136,
    0.08078238368034363,
    0.03186522796750069,
    0.042789265513420105,
    0.024961037561297417,
    0.019942132756114006,
    0.04231428727507591,
    0.034533850848674774,
    0.012300758622586727,
    0.04945766180753708,
    0.08331980556249619,
    0.04953965172171593,
    0.04189644381403923,
    0.04452500492334366,
    0.039148300886154175,
    0.034255508333444595,
    0.02431499771773815,
    0.0018584436038509011,
    0,
    0.0006727126310579479,
    0.009389542043209076,
    0,
    0.010435972362756729,
    0.016702787950634956,
    0.01479572057723999,
    0.013858715072274208,
    0.004361393395811319,
    0.013743080198764801,
    0.01311050821095705,
    0.004069802351295948,
    0.018633969128131866,
    0.028439734131097794,
    0,
    0.017186714336276054,
    0,
    0.003327790414914489,
    0.0090801902115345,
    0,
    0.004169022664427757
  ],
  "raw_data_length": 1275
}