{
  "timestamp": "2025-11-30T14:50:54.784Z",
  "selected_bounds": {
    "north": 10.799421419165698,
    "south": 10.775485217322963,
    "east": 106.61819458007814,
    "west": 106.5757942199707
  },
  "pixel_region": {
    "startX": 195,
    "endX": 233,
    "startY": 321,
    "endY": 343
  },
  "crop_dimensions": {
    "width": 38,
    "height": 22
  },
  "total_pixels": 836,
  "valid_pixels": 836,
  "pixels_with_water": 287,
  "flood_coverage_percentage": 34.33014354066985,
  "statistics": {
    "min": 0,
    "max": 0.12265890836715698,
    "avg": 0.004754992624069119,
    "median": 0
  },
  "sample_values": [
    0.011701397597789764,
    0.01692553609609604,
    0.007174406200647354,
    0.01837250590324402,
    0,
    0.00919190514832735,
    0.0081472834572196,
    0,
    0.023344000801444054,
    0.006760863587260246,
    0.026433153077960014,
    0.012883154675364494,
    0.003796740435063839,
    0,
    0.0015051652444526553,
    0.0034702804405242205,
    0.0016812835820019245,
    0.007256772834807634,
    0,
    0.0052215466275811195,
    0,
    0,
    0,
    0,
    0,
    0,
    0,
    0,
    0,
    0,
    0,
    0,
    0,
    0.01122979074716568,
    0.0005167523631826043,
    0,
    0,
    0,
    0.019523125141859055,
    0.0018058521673083305,
    0.015838099643588066,
    0,
    0.001253287773579359,
    0,
    0.01393976528197527,
    0.014403097331523895,
    0.0020090111065655947,
    0.013540134765207767,
    0,
    0.0007734246901236475,
    0.00011945742880925536,
    0,
    0,
    0.011806647293269634,
    0,
    0,
    0.015838997438549995,
    0,
    0.0004726391052827239,
    0,
    0,
    0,
    0,
    0,
    0,
    0,
    0,
    0,
    0.0012332898331806064,
    0.0007012419519014657,
    0,
    0,
    0,
    0,
    0.0030407169833779335,
    0,
    0.02217571809887886,
    0.032404061406850815,
    0.004739576485008001,
    0,
    0.0027122548781335354,
    0.006043931469321251,
    0,
    0.016921812668442726,
    0,
    0.015586545690894127,
    0.0062750717625021935,
    0,
    0.004387612454593182,
    0.008067330345511436,
    0,
    0.014918510802090168,
    0.0027213203720748425,
    0,
    0,
    0,
    0,
    0,
    0.013555072247982025,
    0
  ],
  "raw_data_length": 836
}