{
  "timestamp": "2025-11-30T10:06:38.700Z",
  "selected_bounds": {
    "north": 10.811386914692998,
    "south": 10.790983880712217,
    "east": 106.7376708984375,
    "west": 106.717586517334
  },
  "pixel_region": {
    "startX": 320,
    "endX": 339,
    "startY": 310,
    "endY": 329
  },
  "crop_dimensions": {
    "width": 19,
    "height": 19
  },
  "total_pixels": 361,
  "valid_pixels": 361,
  "statistics": {
    "min": 0,
    "max": 0.14519259333610535,
    "avg": 0.0073669041102878505,
    "median": 0
  },
  "sample_values": [
    0,
    0,
    0,
    0.010302233509719372,
    0.06147756427526474,
    0.007254934869706631,
    0,
    0,
    0,
    0,
    0,
    0,
    0,
    0,
    0.015091686509549618,
    0,
    0,
    0,
    0.03657197952270508,
    0,
    0,
    0,
    0,
    0.0872601866722107,
    0,
    0,
    0,
    0,
    0,
    0,
    0,
    0,
    0,
    0,
    0,
    0,
    0,
    0.015007968991994858,
    0,
    0,
    0,
    0,
    0.14519259333610535,
    0.017138974741101265,
    0.0012849450577050447,
    0,
    0,
    0,
    0,
    0,
    0,
    0,
    0,
    0,
    0,
    0,
    0,
    0,
    0,
    0,
    0,
    0,
    0.05452220141887665,
    0,
    0,
    0,
    0,
    0,
    0,
    0,
    0,
    0,
    0,
    0.025076137855648994,
    0.006605440750718117,
    0,
    0,
    0,
    0.002289957832545042,
    0,
    0.011698750779032707,
    0.02300148643553257,
    0.05060258507728577,
    0,
    0,
    0,
    0,
    0,
    0,
    0,
    0,
    0,
    0,
    0,
    0,
    0,
    0,
    0.020829547196626663,
    0,
    0
  ],
  "raw_data_length": 361
}