{
  "timestamp": "2025-11-30T10:09:47.709Z",
  "selected_bounds": {
    "north": 10.853537546298767,
    "south": 10.809026304002867,
    "east": 106.65870666503908,
    "west": 106.5718460083008
  },
  "pixel_region": {
    "startX": 191,
    "endX": 269,
    "startY": 272,
    "endY": 313
  },
  "crop_dimensions": {
    "width": 78,
    "height": 41
  },
  "total_pixels": 3198,
  "valid_pixels": 3198,
  "pixels_with_water": 1403,
  "flood_coverage_percentage": 43.87116948092557,
  "statistics": {
    "min": 0,
    "max": 0.12137138098478317,
    "avg": 0.009383493673617363,
    "median": 0
  },
  "sample_values": [
    0.03582632169127464,
    0.04239886626601219,
    0.0508117713034153,
    0.025864694267511368,
    0.04824977368116379,
    0.03550644591450691,
    0.04021468013525009,
    0.024968663230538368,
    0.03570450097322464,
    0.02834826521575451,
    0.009176462888717651,
    0.030070960521697998,
    0.04793956130743027,
    0.026135044172406197,
    0.017649143934249878,
    0.01832236908376217,
    0.01847224310040474,
    0.020557750016450882,
    0.026617128401994705,
    0.026668190956115723,
    0.006869572680443525,
    0.008510129526257515,
    0.025064852088689804,
    0.011374734342098236,
    0.0172016192227602,
    0.009123129770159721,
    0.008114488795399666,
    0.015131336636841297,
    0.029697593301534653,
    0.0056794569827616215,
    0.011312155984342098,
    0.00417399313300848,
    0.013635308481752872,
    0.0020956210792064667,
    0.011418016627430916,
    0.00560493441298604,
    0.010322939604520798,
    0.005180454347282648,
    0,
    0,
    0,
    0,
    0,
    0.0030483875889331102,
    0,
    0,
    0.0016691401833668351,
    0,
    0,
    0,
    0,
    0,
    0,
    0,
    0,
    0,
    0,
    0,
    0,
    0,
    0,
    0,
    0,
    0,
    0,
    0,
    0,
    0,
    0,
    0,
    0,
    0,
    0,
    0,
    0,
    0,
    0,
    0,
    0.03483498841524124,
    0.029137663543224335,
    0.01947738602757454,
    0.014443116262555122,
    0.05947001650929451,
    0.06600959599018097,
    0.01983150653541088,
    0.045007720589637756,
    0.021377241238951683,
    0.026943854987621307,
    0.025733264163136482,
    0.03372735530138016,
    0.03148411214351654,
    0.026080463081598282,
    0.02156211994588375,
    0.027011845260858536,
    0.01999996416270733,
    0.007877139374613762,
    0.012770665809512138,
    0.03348489850759506,
    0.024445300921797752,
    0.01525750569999218
  ],
  "raw_data_length": 3198
}