{
  "timestamp": "2025-11-30T09:59:15.191Z",
  "selected_bounds": {
    "north": 10.819817515515387,
    "south": 10.761135626350834,
    "east": 106.6872024536133,
    "west": 106.59347534179689
  },
  "pixel_region": {
    "startX": 847,
    "endX": 1179,
    "startY": 1216,
    "endY": 1429
  },
  "crop_dimensions": {
    "width": 332,
    "height": 213
  },
  "total_pixels": 70716,
  "valid_pixels": 68837,
  "statistics": {
    "min": 0,
    "max": 22.5,
    "avg": 0.1533550270929878,
    "median": 0
  },
  "sample_values": [
    0,
    0,
    0,
    0,
    0,
    0,
    0,
    0,
    0,
    0,
    0,
    0,
    0,
    0,
    0,
    0,
    0,
    0,
    0,
    0,
    0,
    0,
    0,
    0,
    0,
    0,
    0,
    0,
    0,
    0,
    0,
    0,
    0,
    0,
    0,
    0,
    0,
    3.5,
    4.5,
    3.5,
    0.5,
    0,
    0,
    0,
    0,
    0,
    -9999,
    -9999,
    0,
    0,
    0,
    0,
    0,
    0,
    0.5,
    2.5,
    2.5,
    3.5,
    3.5,
    -9999,
    2.5,
    -9999,
    0,
    0,
    0,
    0,
    0,
    0,
    0,
    0,
    0.5,
    -9999,
    2.5,
    0.5,
    0.5,
    0.5,
    0.5,
    -9999,
    -9999,
    0,
    0,
    0,
    0,
    0.5,
    0.5,
    -9999,
    -9999,
    -9999,
    0.5,
    0,
    0,
    0,
    -9999,
    5.5,
    5.5,
    -9999,
    0.5,
    0,
    0,
    0
  ],
  "raw_data_length": 70716
}