{
  "timestamp": "2025-11-30T10:14:31.270Z",
  "selected_bounds": {
    "north": 10.842747549833478,
    "south": 10.781372054122464,
    "east": 106.6381072998047,
    "west": 106.57047271728517
  },
  "pixel_region": {
    "startX": 190,
    "endX": 251,
    "startY": 282,
    "endY": 338
  },
  "crop_dimensions": {
    "width": 61,
    "height": 56
  },
  "total_pixels": 3416,
  "valid_pixels": 3416,
  "pixels_with_water": 1470,
  "flood_coverage_percentage": 43.0327868852459,
  "statistics": {
    "min": 0,
    "max": 0.12265890836715698,
    "avg": 0.007706328989354495,
    "median": 0
  },
  "sample_values": [
    0.07658515870571136,
    0.08078238368034363,
    0.03186522796750069,
    0.042789265513420105,
    0.024961037561297417,
    0.019942132756114006,
    0.04231428727507591,
    0.034533850848674774,
    0.012300758622586727,
    0.04945766180753708,
    0.08331980556249619,
    0.04953965172171593,
    0.04189644381403923,
    0.04452500492334366,
    0.039148300886154175,
    0.034255508333444595,
    0.02431499771773815,
    0.0018584436038509011,
    0,
    0.0006727126310579479,
    0.009389542043209076,
    0,
    0.010435972362756729,
    0.016702787950634956,
    0.01479572057723999,
    0.013858715072274208,
    0.004361393395811319,
    0.013743080198764801,
    0.01311050821095705,
    0.004069802351295948,
    0.018633969128131866,
    0.028439734131097794,
    0,
    0.017186714336276054,
    0,
    0.003327790414914489,
    0.0090801902115345,
    0,
    0.004169022664427757,
    0.0021127567160874605,
    0,
    0,
    0,
    0.006975209806114435,
    0,
    0,
    0.004177159164100885,
    0,
    0,
    0,
    0,
    0,
    0,
    0,
    0,
    0,
    0,
    0,
    0.008534526452422142,
    0,
    0,
    0.05615157634019852,
    0.04474704712629318,
    0.04013722389936447,
    0.024772046133875847,
    0.010515627451241016,
    0.02429976314306259,
    0.04068007320165634,
    0.02151845023036003,
    0.03253369778394699,
    0.056312091648578644,
    0.06206035241484642,
    0.07580117881298065,
    0.03583366423845291,
    0.034471429884433746,
    0.004740465432405472,
    0.06819936633110046,
    0,
    0,
    0,
    0,
    0,
    0.029957495629787445,
    0.016427109017968178,
    0.021813564002513885,
    0.012113044038414955,
    0.0139133520424366,
    0.012219688855111599,
    0.016093239188194275,
    0.01290496252477169,
    0.018993139266967773,
    0.0011085369624197483,
    0.010914886370301247,
    0,
    0,
    0.01003064401447773,
    0.00014697801088914275,
    0.012342948466539383,
    0,
    0
  ],
  "raw_data_length": 3416
}