{
  "timestamp": "2025-11-30T10:04:58.217Z",
  "selected_bounds": {
    "north": 10.807677375271169,
    "south": 10.780023001250841,
    "east": 106.62471771240236,
    "west": 106.5776824951172
  },
  "pixel_region": {
    "startX": 197,
    "endX": 239,
    "startY": 313,
    "endY": 339
  },
  "crop_dimensions": {
    "width": 42,
    "height": 26
  },
  "total_pixels": 1092,
  "valid_pixels": 1092,
  "statistics": {
    "min": 0,
    "max": 0.12265890836715698,
    "avg": 0.004471947330675103,
    "median": 0
  },
  "sample_values": [
    0.010473599657416344,
    0.014630545862019062,
    0.012435675598680973,
    0.01784343086183071,
    0.0073767355643212795,
    0.0033546655904501677,
    0.004519610200077295,
    0.013229798525571823,
    0.019475538283586502,
    0.015154843218624592,
    0.022296734154224396,
    0.01366572454571724,
    0.003923092037439346,
    0.00046924041816964746,
    0.008519106544554234,
    0.006315904203802347,
    0,
    0,
    0.011276612989604473,
    0.0034781915601342916,
    0.0006375269149430096,
    0,
    0,
    0,
    0,
    0,
    0,
    0,
    0,
    0,
    0,
    0,
    0,
    0,
    0,
    0,
    0,
    0,
    0,
    0.0014638610882684588,
    0,
    0,
    0.024995993822813034,
    0,
    0.026294710114598274,
    0.02105572447180748,
    0.017003195360302925,
    0.0016015226719900966,
    0.014747459441423416,
    0.019730936735868454,
    0,
    0.014495763927698135,
    0.024977214634418488,
    0.014038210734724998,
    0,
    0,
    0.003570178523659706,
    0.01737341843545437,
    0,
    0,
    0.003145008347928524,
    0,
    0,
    0,
    0,
    0,
    0,
    0,
    0,
    0,
    0,
    0,
    0,
    0,
    0,
    0.004568173550069332,
    0,
    0,
    0,
    0,
    0,
    0,
    0,
    0,
    0.029632776975631714,
    0.02190965972840786,
    0.011930652894079685,
    0.01994897425174713,
    0.0027441743295639753,
    0.007569442503154278,
    0.023429663851857185,
    0.02509959228336811,
    0,
    0.0019082577200606465,
    0.013635726645588875,
    0.0034668867010623217,
    0.0074882227927446365,
    0,
    0,
    0
  ],
  "raw_data_length": 1092
}