{
  "timestamp": "2025-11-30T14:50:30.043Z",
  "selected_bounds": {
    "north": 10.803966529695439,
    "south": 10.780704964819241,
    "east": 106.61476135253908,
    "west": 106.57819747924805
  },
  "pixel_region": {
    "startX": 197,
    "endX": 230,
    "startY": 317,
    "endY": 339
  },
  "crop_dimensions": {
    "width": 33,
    "height": 22
  },
  "total_pixels": 726,
  "valid_pixels": 726,
  "pixels_with_water": 290,
  "flood_coverage_percentage": 39.94490358126722,
  "statistics": {
    "min": 0,
    "max": 0.12265890836715698,
    "avg": 0.005571736711901279,
    "median": 0
  },
  "sample_values": [
    0,
    0.01887446641921997,
    0.02176506817340851,
    0.001508293324150145,
    0.02168905735015869,
    0.0017776539316400886,
    0.02111755684018135,
    0.002180557232350111,
    0.010223567485809326,
    0.025246702134609222,
    0.007678423076868057,
    0.00728448573499918,
    0.002823623362928629,
    0,
    0,
    0.00868994276970625,
    0,
    0,
    0,
    0,
    0,
    0,
    0,
    0,
    0.007120562717318535,
    0.00018889611237682402,
    0.004771889187395573,
    0,
    0,
    0,
    0,
    0.0076847923919558525,
    0,
    0,
    0.00565729197114706,
    0.013815523125231266,
    0.028928929939866066,
    0.007965579628944397,
    0.021102052181959152,
    0.011126028373837471,
    0.011076130904257298,
    0.015131206251680851,
    0,
    0.016136549413204193,
    0.013541413471102715,
    0,
    0.014282509684562683,
    0,
    0,
    0,
    0,
    0.005344295874238014,
    0,
    0,
    0,
    0,
    0,
    0,
    0,
    0,
    0.0038362806662917137,
    0,
    0,
    0,
    0,
    0.014827655628323555,
    0.003237498225644231,
    0.019678344950079918,
    0.0198053028434515,
    0.005869972053915262,
    0.019323643296957016,
    0.0221431665122509,
    0.013090020045638084,
    0.0037718783132731915,
    0.015196068212389946,
    0,
    0.004301042295992374,
    0.025262754410505295,
    0,
    0,
    0.007527598179876804,
    0,
    0.005695215426385403,
    0.00610860763117671,
    0,
    0,
    0,
    0,
    0,
    0,
    0,
    0,
    0,
    0,
    0,
    0,
    0.0039403983391821384,
    0.0006331888725981116,
    0,
    0.017301233485341072
  ],
  "raw_data_length": 726
}