{
  "timestamp": "2025-11-30T14:04:15.712Z",
  "selected_bounds": {
    "north": 10.799535647318024,
    "south": 10.779625748438354,
    "east": 106.60343170166017,
    "west": 106.57630920410158
  },
  "pixel_region": {
    "startX": 195,
    "endX": 220,
    "startY": 321,
    "endY": 340
  },
  "crop_dimensions": {
    "width": 25,
    "height": 19
  },
  "total_pixels": 475,
  "valid_pixels": 475,
  "pixels_with_water": 203,
  "flood_coverage_percentage": 42.73684210526316,
  "statistics": {
    "min": 0,
    "max": 0.04989117011427879,
    "avg": 0.0047935484524350615,
    "median": 0
  },
  "sample_values": [
    0.011701397597789764,
    0.01692553609609604,
    0.007174406200647354,
    0.01837250590324402,
    0,
    0.00919190514832735,
    0.0081472834572196,
    0,
    0.023344000801444054,
    0.006760863587260246,
    0.026433153077960014,
    0.012883154675364494,
    0.003796740435063839,
    0,
    0.0015051652444526553,
    0.0034702804405242205,
    0.0016812835820019245,
    0.007256772834807634,
    0,
    0.0052215466275811195,
    0,
    0,
    0,
    0,
    0,
    0.019523125141859055,
    0.0018058521673083305,
    0.015838099643588066,
    0,
    0.001253287773579359,
    0,
    0.01393976528197527,
    0.014403097331523895,
    0.0020090111065655947,
    0.013540134765207767,
    0,
    0.0007734246901236475,
    0.00011945742880925536,
    0,
    0,
    0.011806647293269634,
    0,
    0,
    0.015838997438549995,
    0,
    0.0004726391052827239,
    0,
    0,
    0,
    0,
    0.02217571809887886,
    0.032404061406850815,
    0.004739576485008001,
    0,
    0.0027122548781335354,
    0.006043931469321251,
    0,
    0.016921812668442726,
    0,
    0.015586545690894127,
    0.0062750717625021935,
    0,
    0.004387612454593182,
    0.008067330345511436,
    0,
    0.014918510802090168,
    0.0027213203720748425,
    0,
    0,
    0,
    0,
    0,
    0.013555072247982025,
    0,
    0,
    0.018818829208612442,
    0.021500669419765472,
    0.011548718437552452,
    0.0032785050570964813,
    0,
    0,
    0.012558065354824066,
    0,
    0.025811154395341873,
    0.0019039837643504143,
    0.014867950230836868,
    0.0037740671541541815,
    0,
    0,
    0,
    0.0031206312123686075,
    0.009691005572676659,
    0,
    0,
    0.020418483763933182,
    0.03956921771168709,
    0.04250843822956085,
    0.024272212758660316,
    0,
    0
  ],
  "raw_data_length": 475
}