{
  "timestamp": "2025-11-30T14:03:21.252Z",
  "selected_bounds": {
    "north": 10.823823187535291,
    "south": 10.788392266303193,
    "east": 106.62437438964845,
    "west": 106.57562255859376
  },
  "pixel_region": {
    "startX": 195,
    "endX": 239,
    "startY": 299,
    "endY": 332
  },
  "crop_dimensions": {
    "width": 44,
    "height": 33
  },
  "total_pixels": 1452,
  "valid_pixels": 1452,
  "pixels_with_water": 678,
  "flood_coverage_percentage": 46.69421487603306,
  "statistics": {
    "min": 0,
    "max": 0.09634896367788315,
    "avg": 0.006391864792593578,
    "median": 0
  },
  "sample_values": [
    0.05583266168832779,
    0.09634896367788315,
    0.06133750453591347,
    0.05980553478002548,
    0.014522378332912922,
    0.005564065650105476,
    0,
    0,
    0,
    0.01009142491966486,
    0.012625619769096375,
    0.012044651433825493,
    0.011435110121965408,
    0.010939192958176136,
    0.019503721967339516,
    0.00852991547435522,
    0.014454908668994904,
    0,
    0,
    0.009644722566008568,
    0.00849293451756239,
    0.012323737144470215,
    0,
    0,
    0,
    0,
    0,
    0,
    0,
    0.014532141387462616,
    0.02546590007841587,
    0.04153978079557419,
    0.032343775033950806,
    0.0332321934401989,
    0.042187124490737915,
    0.01570209302008152,
    0,
    0,
    0,
    0,
    0,
    0,
    0,
    0,
    0.05008663609623909,
    0.05232609435915947,
    0.028517398983240128,
    0.015634678304195404,
    0.013435672968626022,
    0,
    0,
    0,
    0.004569183569401503,
    0.017286472022533417,
    0.013503815047442913,
    0,
    0.035200536251068115,
    0.017398884519934654,
    0.016966817900538445,
    0,
    0.014059582725167274,
    0.01278552133589983,
    0.008229900151491165,
    0.017746582627296448,
    0.013074738904833794,
    0.007501036860048771,
    0.008726226165890694,
    0.01034872978925705,
    0,
    0,
    0,
    0,
    0.013736069202423096,
    0.008153343573212624,
    0.032883912324905396,
    0.031015150249004364,
    0,
    0.00412286352366209,
    0.027157852426171303,
    0.015273685567080975,
    0,
    0,
    0,
    0,
    0,
    0,
    0,
    0,
    0.018345577642321587,
    0,
    0.025676894932985306,
    0.021486354991793633,
    0.007549724541604519,
    0,
    0.014547695405781269,
    0.002987158950418234,
    0.014713411219418049,
    0.015833884477615356,
    0.009692811407148838,
    0
  ],
  "raw_data_length": 1452
}