{
  "timestamp": "2025-11-30T10:13:43.656Z",
  "selected_bounds": {
    "north": 10.811724143275528,
    "south": 10.765183020662807,
    "east": 106.62025451660158,
    "west": 106.56532287597656
  },
  "pixel_region": {
    "startX": 186,
    "endX": 235,
    "startY": 310,
    "endY": 353
  },
  "crop_dimensions": {
    "width": 49,
    "height": 43
  },
  "total_pixels": 2107,
  "valid_pixels": 2107,
  "pixels_with_water": 796,
  "flood_coverage_percentage": 37.778832463217846,
  "statistics": {
    "min": 0,
    "max": 1.6408520936965942,
    "avg": 0.008902244072333776,
    "median": 0
  },
  "sample_values": [
    0.015885861590504646,
    0.019229013472795486,
    0.02656772918999195,
    0.03047078661620617,
    0.030450431630015373,
    0.029919110238552094,
    0.017398841679096222,
    0.025931507349014282,
    0.02531067654490471,
    0.021033693104982376,
    0.03082425333559513,
    0.03268669545650482,
    0.008036674931645393,
    0.01835409551858902,
    0.033993687480688095,
    0.023388415575027466,
    0,
    1.4287873284501984e-7,
    0.0261075496673584,
    0,
    0.0036104517057538033,
    0.03626023605465889,
    0.013179922476410866,
    0,
    0,
    0.012927633710205555,
    0.02061910182237625,
    0,
    0,
    0.014928857795894146,
    0.009746342897415161,
    0,
    0,
    0,
    0.006745439022779465,
    0,
    0,
    0,
    0.004686112981289625,
    0,
    0,
    0,
    0,
    0,
    0,
    0,
    0,
    0,
    0,
    0.028841029852628708,
    0.025037653744220734,
    0.02778906188905239,
    0.022710390388965607,
    0.0249770674854517,
    0.027385631576180458,
    0.03349822387099266,
    0.017252998426556587,
    0.029918020591139793,
    0.008260203525424004,
    0.018291493877768517,
    0.04110012203454971,
    0.023959187790751457,
    0.017189068719744682,
    0.016068514436483383,
    0.024600274860858917,
    0.012854641303420067,
    0.005060693249106407,
    0.01618887111544609,
    0.022395901381969452,
    0.0015607557725161314,
    0.005919916555285454,
    0.012047580443322659,
    0.004349967464804649,
    0.013017406687140465,
    0,
    0.014707433059811592,
    0.009173468686640263,
    0.00627983408048749,
    0,
    0.004486803896725178,
    0,
    0.0047415816225111485,
    0.006207123398780823,
    0,
    0,
    0,
    0,
    0,
    0,
    0,
    0,
    0,
    0,
    0,
    0.00048259113100357354,
    0,
    0,
    0,
    0.029352696612477303,
    0.027821941301226616
  ],
  "raw_data_length": 2107
}